{
    "name": "munet",
    "keywords": "esp networking",
    "description": "Modular networking libraries for ESP32 and ESP8266 providing muwerk scheduler tasks for WiFi connection, Access Point Mode, NTP time sync, OTA software update and MQTT communication. Exposes MQTT via serial link to non-networked hardware. Requires: ustd, muwerk, Arduino_JSON and PubSubClient",
    "repository": {
        "type": "git",
        "url": "https://github.com/muwerk/munet.git"
    },
    "authors": [
        {
            "name": "Dominik Schlösser",
            "email": "dsc@dosc.net",
            "maintainer": true
        },
        {
            "name": "Leo Moll",
            "email": "leo@yeasoft.com",
            "maintainer": true
        }
    ],
    "dependencies": [
        {
            "name": "ustd",
            "authors": "Dominik Schlösser, Leo Moll",
            "frameworks": "arduino"
        },
        {
            "name": "muwerk",
            "authors": "Dominik Schlösser, Leo Moll",
            "frameworks": "arduino"
        }
    ],
    "version": "0.4.0",
    "frameworks": "arduino",
    "platforms": "*"
}